year,province,track,score,rank
2025,吉林省,physics,704,11
2025,吉林省,physics,703,12
2025,吉林省,physics,702,14
2025,吉林省,physics,701,16
2025,吉林省,physics,700,19
2025,吉林省,physics,699,23
2025,吉林省,physics,698,25
2025,吉林省,physics,697,30
2025,吉林省,physics,696,37
2025,吉林省,physics,695,44
2025,吉林省,physics,694,49
2025,吉林省,physics,693,53
2025,吉林省,physics,692,59
2025,吉林省,physics,691,69
2025,吉林省,physics,690,76
2025,吉林省,physics,689,80
2025,吉林省,physics,688,84
2025,吉林省,physics,687,91
2025,吉林省,physics,686,97
2025,吉林省,physics,685,107
2025,吉林省,physics,684,112
2025,吉林省,physics,683,117
2025,吉林省,physics,682,125
2025,吉林省,physics,681,138
2025,吉林省,physics,680,149
2025,吉林省,physics,679,166
2025,吉林省,physics,678,183
2025,吉林省,physics,677,202
2025,吉林省,physics,676,229
2025,吉林省,physics,675,256
2025,吉林省,physics,674,277
2025,吉林省,physics,673,299
2025,吉林省,physics,672,312
2025,吉林省,physics,671,332
2025,吉林省,physics,670,351
2025,吉林省,physics,669,370
2025,吉林省,physics,668,390
2025,吉林省,physics,667,417
2025,吉林省,physics,666,438
2025,吉林省,physics,665,460
2025,吉林省,physics,664,498
2025,吉林省,physics,663,533
2025,吉林省,physics,662,571
2025,吉林省,physics,661,603
2025,吉林省,physics,660,634
2025,吉林省,physics,659,673
2025,吉林省,physics,658,706
2025,吉林省,physics,657,749
2025,吉林省,physics,656,777
2025,吉林省,physics,655,821
2025,吉林省,physics,654,867
2025,吉林省,physics,653,906
2025,吉林省,physics,652,954
2025,吉林省,physics,651,1007
2025,吉林省,physics,650,1045
2025,吉林省,physics,649,1091
2025,吉林省,physics,648,1138
2025,吉林省,physics,647,1187
2025,吉林省,physics,646,1252
2025,吉林省,physics,645,1299
2025,吉林省,physics,644,1354
2025,吉林省,physics,643,1410
2025,吉林省,physics,642,1489
2025,吉林省,physics,641,1555
2025,吉林省,physics,640,1618
2025,吉林省,physics,639,1679
2025,吉林省,physics,638,1742
2025,吉林省,physics,637,1814
2025,吉林省,physics,636,1884
2025,吉林省,physics,635,1953
2025,吉林省,physics,634,2025
2025,吉林省,physics,633,2104
2025,吉林省,physics,632,2175
2025,吉林省,physics,631,2255
2025,吉林省,physics,630,2344
2025,吉林省,physics,629,2402
2025,吉林省,physics,628,2492
2025,吉林省,physics,627,2572
2025,吉林省,physics,626,2664
2025,吉林省,physics,625,2761
2025,吉林省,physics,624,2842
2025,吉林省,physics,623,2951
2025,吉林省,physics,622,3040
2025,吉林省,physics,621,3139
2025,吉林省,physics,620,3220
2025,吉林省,physics,619,3336
2025,吉林省,physics,618,3450
2025,吉林省,physics,617,3549
2025,吉林省,physics,616,3646
2025,吉林省,physics,615,3741
2025,吉林省,physics,614,3842
2025,吉林省,physics,613,3945
2025,吉林省,physics,612,4071
2025,吉林省,physics,611,4183
2025,吉林省,physics,610,4305
2025,吉林省,physics,609,4428
2025,吉林省,physics,608,4527
2025,吉林省,physics,607,4656
2025,吉林省,physics,606,4783
2025,吉林省,physics,605,4904
2025,吉林省,physics,604,5028
2025,吉林省,physics,603,5137
2025,吉林省,physics,602,5277
2025,吉林省,physics,601,5404
2025,吉林省,physics,600,5529
2025,吉林省,physics,599,5663
2025,吉林省,physics,598,5798
2025,吉林省,physics,597,5939
2025,吉林省,physics,596,6091
2025,吉林省,physics,595,6222
2025,吉林省,physics,594,6384
2025,吉林省,physics,593,6546
2025,吉林省,physics,592,6709
2025,吉林省,physics,591,6858
2025,吉林省,physics,590,7007
2025,吉林省,physics,589,7168
2025,吉林省,physics,588,7336
2025,吉林省,physics,587,7512
2025,吉林省,physics,586,7648
2025,吉林省,physics,585,7806
2025,吉林省,physics,584,7970
2025,吉林省,physics,583,8123
2025,吉林省,physics,582,8295
2025,吉林省,physics,581,8467
2025,吉林省,physics,580,8621
2025,吉林省,physics,579,8814
2025,吉林省,physics,578,8977
2025,吉林省,physics,577,9138
2025,吉林省,physics,576,9342
2025,吉林省,physics,575,9528
2025,吉林省,physics,574,9715
2025,吉林省,physics,573,9871
2025,吉林省,physics,572,10038
2025,吉林省,physics,571,10198
2025,吉林省,physics,570,10382
2025,吉林省,physics,569,10573
2025,吉林省,physics,568,10750
2025,吉林省,physics,567,10948
2025,吉林省,physics,566,11138
2025,吉林省,physics,565,11340
2025,吉林省,physics,564,11509
2025,吉林省,physics,563,11706
2025,吉林省,physics,562,11931
2025,吉林省,physics,561,12132
2025,吉林省,physics,560,12338
2025,吉林省,physics,559,12517
2025,吉林省,physics,558,12702
2025,吉林省,physics,557,12878
2025,吉林省,physics,556,13097
2025,吉林省,physics,555,13293
2025,吉林省,physics,554,13530
2025,吉林省,physics,553,13722
2025,吉林省,physics,552,13931
2025,吉林省,physics,551,14127
2025,吉林省,physics,550,14328
2025,吉林省,physics,549,14551
2025,吉林省,physics,548,14775
2025,吉林省,physics,547,14999
2025,吉林省,physics,546,15214
2025,吉林省,physics,545,15413
2025,吉林省,physics,544,15624
2025,吉林省,physics,543,15828
2025,吉林省,physics,542,16042
2025,吉林省,physics,541,16249
2025,吉林省,physics,540,16442
2025,吉林省,physics,539,16646
2025,吉林省,physics,538,16883
2025,吉林省,physics,537,17089
2025,吉林省,physics,536,17331
2025,吉林省,physics,535,17587
2025,吉林省,physics,534,17828
2025,吉林省,physics,533,18072
2025,吉林省,physics,532,18305
2025,吉林省,physics,531,18538
2025,吉林省,physics,530,18770
2025,吉林省,physics,529,19040
2025,吉林省,physics,528,19267
2025,吉林省,physics,527,19484
2025,吉林省,physics,526,19729
2025,吉林省,physics,525,19978
2025,吉林省,physics,524,20217
2025,吉林省,physics,523,20473
2025,吉林省,physics,522,20714
2025,吉林省,physics,521,20966
2025,吉林省,physics,520,21196
2025,吉林省,physics,519,21430
2025,吉林省,physics,518,21673
2025,吉林省,physics,517,21908
2025,吉林省,physics,516,22134
2025,吉林省,physics,515,22372
2025,吉林省,physics,514,22630
2025,吉林省,physics,513,22882
2025,吉林省,physics,512,23107
2025,吉林省,physics,511,23366
2025,吉林省,physics,510,23643
2025,吉林省,physics,509,23905
2025,吉林省,physics,508,24184
2025,吉林省,physics,507,24448
2025,吉林省,physics,506,24684
2025,吉林省,physics,505,24980
2025,吉林省,physics,504,25228
2025,吉林省,physics,503,25490
2025,吉林省,physics,502,25722
2025,吉林省,physics,501,26023
2025,吉林省,physics,500,26306
2025,吉林省,physics,499,26594
2025,吉林省,physics,498,26870
2025,吉林省,physics,497,27140
2025,吉林省,physics,496,27417
2025,吉林省,physics,495,27666
2025,吉林省,physics,494,27931
2025,吉林省,physics,493,28205
2025,吉林省,physics,492,28486
2025,吉林省,physics,491,28743
2025,吉林省,physics,490,29048
2025,吉林省,physics,489,29318
2025,吉林省,physics,488,29593
2025,吉林省,physics,487,29895
2025,吉林省,physics,486,30171
2025,吉林省,physics,485,30450
2025,吉林省,physics,484,30727
2025,吉林省,physics,483,31004
2025,吉林省,physics,482,31275
2025,吉林省,physics,481,31557
2025,吉林省,physics,480,31859
2025,吉林省,physics,479,32117
2025,吉林省,physics,478,32377
2025,吉林省,physics,477,32637
2025,吉林省,physics,476,32954
2025,吉林省,physics,475,33219
2025,吉林省,physics,474,33511
2025,吉林省,physics,473,33795
2025,吉林省,physics,472,34050
2025,吉林省,physics,471,34343
2025,吉林省,physics,470,34651
2025,吉林省,physics,469,34959
2025,吉林省,physics,468,35273
2025,吉林省,physics,467,35541
2025,吉林省,physics,466,35819
2025,吉林省,physics,465,36128
2025,吉林省,physics,464,36420
2025,吉林省,physics,463,36686
2025,吉林省,physics,462,36973
2025,吉林省,physics,461,37266
2025,吉林省,physics,460,37576
2025,吉林省,physics,459,37904
2025,吉林省,physics,458,38202
2025,吉林省,physics,457,38506
2025,吉林省,physics,456,38815
2025,吉林省,physics,455,39104
2025,吉林省,physics,454,39384
2025,吉林省,physics,453,39671
2025,吉林省,physics,452,39998
2025,吉林省,physics,451,40315
2025,吉林省,physics,450,40599
2025,吉林省,physics,449,40957
2025,吉林省,physics,448,41252
2025,吉林省,physics,447,41575
2025,吉林省,physics,446,41859
2025,吉林省,physics,445,42147
2025,吉林省,physics,444,42482
2025,吉林省,physics,443,42786
2025,吉林省,physics,442,43111
2025,吉林省,physics,441,43368
2025,吉林省,physics,440,43673
2025,吉林省,physics,439,43976
2025,吉林省,physics,438,44262
2025,吉林省,physics,437,44575
2025,吉林省,physics,436,44881
2025,吉林省,physics,435,45161
2025,吉林省,physics,434,45451
2025,吉林省,physics,433,45764
2025,吉林省,physics,432,46087
2025,吉林省,physics,431,46398
2025,吉林省,physics,430,46698
2025,吉林省,physics,429,46989
2025,吉林省,physics,428,47283
2025,吉林省,physics,427,47554
2025,吉林省,physics,426,47870
2025,吉林省,physics,425,48141
2025,吉林省,physics,424,48456
2025,吉林省,physics,423,48736
2025,吉林省,physics,422,49045
2025,吉林省,physics,421,49343
2025,吉林省,physics,420,49638
2025,吉林省,physics,419,49961
2025,吉林省,physics,418,50253
2025,吉林省,physics,417,50519
2025,吉林省,physics,416,50809
2025,吉林省,physics,415,51093
2025,吉林省,physics,414,51377
2025,吉林省,physics,413,51692
2025,吉林省,physics,412,52024
2025,吉林省,physics,411,52335
2025,吉林省,physics,410,52624
2025,吉林省,physics,409,52906
2025,吉林省,physics,408,53213
2025,吉林省,physics,407,53486
2025,吉林省,physics,406,53749
2025,吉林省,physics,405,54030
2025,吉林省,physics,404,54321
2025,吉林省,physics,403,54576
2025,吉林省,physics,402,54866
2025,吉林省,physics,401,55149
2025,吉林省,physics,400,55396
2025,吉林省,physics,399,55692
2025,吉林省,physics,398,55949
2025,吉林省,physics,397,56221
2025,吉林省,physics,396,56505
2025,吉林省,physics,395,56799
2025,吉林省,physics,394,57064
2025,吉林省,physics,393,57354
2025,吉林省,physics,392,57630
2025,吉林省,physics,391,57889
2025,吉林省,physics,390,58141
2025,吉林省,physics,389,58409
2025,吉林省,physics,388,58650
2025,吉林省,physics,387,58906
2025,吉林省,physics,386,59187
2025,吉林省,physics,385,59488
2025,吉林省,physics,384,59779
2025,吉林省,physics,383,60024
2025,吉林省,physics,382,60287
2025,吉林省,physics,381,60541
2025,吉林省,physics,380,60804
2025,吉林省,physics,379,61023
2025,吉林省,physics,378,61283
2025,吉林省,physics,377,61536
2025,吉林省,physics,376,61787
2025,吉林省,physics,375,62030
2025,吉林省,physics,374,62285
2025,吉林省,physics,373,62546
2025,吉林省,physics,372,62789
2025,吉林省,physics,371,63014
2025,吉林省,physics,370,63256
2025,吉林省,physics,369,63497
2025,吉林省,physics,368,63728
2025,吉林省,physics,367,63947
2025,吉林省,physics,366,64184
2025,吉林省,physics,365,64428
2025,吉林省,physics,364,64649
2025,吉林省,physics,363,64880
2025,吉林省,physics,362,65089
2025,吉林省,physics,361,65335
2025,吉林省,physics,360,65518
2025,吉林省,physics,359,65696
2025,吉林省,physics,358,65925
2025,吉林省,physics,357,66113
2025,吉林省,physics,356,66310
2025,吉林省,physics,355,66526
2025,吉林省,physics,354,66723
2025,吉林省,physics,353,66904
2025,吉林省,physics,352,67088
2025,吉林省,physics,351,67278
2025,吉林省,physics,350,67486
2025,吉林省,physics,349,67704
2025,吉林省,physics,348,67914
2025,吉林省,physics,347,68090
2025,吉林省,physics,346,68302
2025,吉林省,physics,345,68488
2025,吉林省,physics,344,68666
2025,吉林省,physics,343,68853
2025,吉林省,physics,342,69037
2025,吉林省,physics,341,69228
2025,吉林省,physics,340,69405
2025,吉林省,physics,339,69588
2025,吉林省,physics,338,69752
2025,吉林省,physics,337,69928
2025,吉林省,physics,336,70084
2025,吉林省,physics,335,70278
2025,吉林省,physics,334,70437
2025,吉林省,physics,333,70591
2025,吉林省,physics,332,70757
2025,吉林省,physics,331,70916
2025,吉林省,physics,330,71092
2025,吉林省,physics,329,71268
2025,吉林省,physics,328,71435
2025,吉林省,physics,327,71589
2025,吉林省,physics,326,71759
2025,吉林省,physics,325,71904
2025,吉林省,physics,324,72048
2025,吉林省,physics,323,72171
2025,吉林省,physics,322,72307
2025,吉林省,physics,321,72452
2025,吉林省,physics,320,72586
2025,吉林省,physics,319,72729
2025,吉林省,physics,318,72882
2025,吉林省,physics,317,72999
2025,吉林省,physics,316,73107
2025,吉林省,physics,315,73231
2025,吉林省,physics,314,73352
2025,吉林省,physics,313,73500
2025,吉林省,physics,312,73619
2025,吉林省,physics,311,73729
2025,吉林省,physics,310,73864
2025,吉林省,physics,309,73993
2025,吉林省,physics,308,74104
2025,吉林省,physics,307,74208
2025,吉林省,physics,306,74300
2025,吉林省,physics,305,74413
2025,吉林省,physics,304,74529
2025,吉林省,physics,303,74623
2025,吉林省,physics,302,74731
2025,吉林省,physics,301,74829
2025,吉林省,physics,300,74928
2025,吉林省,physics,299,75022
2025,吉林省,physics,298,75118
2025,吉林省,physics,297,75217
2025,吉林省,physics,296,75306
2025,吉林省,physics,295,75395
2025,吉林省,physics,294,75483
2025,吉林省,physics,293,75571
2025,吉林省,physics,292,75649
2025,吉林省,physics,291,75744
2025,吉林省,physics,290,75830
2025,吉林省,physics,289,75913
2025,吉林省,physics,288,75983
2025,吉林省,physics,287,76074
2025,吉林省,physics,286,76138
2025,吉林省,physics,285,76205
2025,吉林省,physics,284,76282
2025,吉林省,physics,283,76362
2025,吉林省,physics,282,76444
2025,吉林省,physics,281,76525
2025,吉林省,physics,280,76596
2025,吉林省,physics,279,76661
2025,吉林省,physics,278,76712
2025,吉林省,physics,277,76768
2025,吉林省,physics,276,76824
2025,吉林省,physics,275,76901
2025,吉林省,physics,274,76966
2025,吉林省,physics,273,77020
2025,吉林省,physics,272,77088
2025,吉林省,physics,271,77137
2025,吉林省,physics,270,77181
2025,吉林省,physics,269,77238
2025,吉林省,physics,268,77281
2025,吉林省,physics,267,77331
2025,吉林省,physics,266,77372
2025,吉林省,physics,265,77420
2025,吉林省,physics,264,77470
2025,吉林省,physics,263,77520
2025,吉林省,physics,262,77569
2025,吉林省,physics,261,77596
2025,吉林省,physics,260,77640
2025,吉林省,physics,259,77685
2025,吉林省,physics,258,77723
2025,吉林省,physics,257,77763
2025,吉林省,physics,256,77803
2025,吉林省,physics,255,77833
2025,吉林省,physics,254,77877
2025,吉林省,physics,253,77919
2025,吉林省,physics,252,77946
2025,吉林省,physics,251,77972
2025,吉林省,physics,250,78006
2025,吉林省,physics,249,78032
2025,吉林省,physics,248,78067
2025,吉林省,physics,247,78105
2025,吉林省,physics,246,78137
2025,吉林省,physics,245,78167
2025,吉林省,physics,244,78185
2025,吉林省,physics,243,78212
2025,吉林省,physics,242,78241
2025,吉林省,physics,241,78275
2025,吉林省,physics,240,78292
2025,吉林省,physics,239,78319
2025,吉林省,physics,238,78344
2025,吉林省,physics,237,78360
2025,吉林省,physics,236,78382
2025,吉林省,physics,235,78403
2025,吉林省,physics,234,78432
2025,吉林省,physics,233,78454
2025,吉林省,physics,232,78478
2025,吉林省,physics,231,78501
2025,吉林省,physics,230,78524
2025,吉林省,physics,229,78545
2025,吉林省,physics,228,78557
2025,吉林省,physics,227,78569
2025,吉林省,physics,226,78592
2025,吉林省,physics,225,78610
2025,吉林省,physics,224,78627
2025,吉林省,physics,223,78643
2025,吉林省,physics,222,78657
2025,吉林省,physics,221,78673
2025,吉林省,physics,220,78687
2025,吉林省,physics,219,78693
2025,吉林省,physics,218,78713
2025,吉林省,physics,217,78722
2025,吉林省,physics,216,78728
2025,吉林省,physics,215,78734
2025,吉林省,physics,214,78740
2025,吉林省,physics,213,78753
2025,吉林省,physics,212,78760
2025,吉林省,physics,211,78776
2025,吉林省,physics,210,78789
2025,吉林省,physics,209,78800
2025,吉林省,physics,208,78816
2025,吉林省,physics,207,78823
2025,吉林省,physics,206,78831
2025,吉林省,physics,205,78838
2025,吉林省,physics,204,78843
2025,吉林省,physics,203,78848
2025,吉林省,physics,202,78856
2025,吉林省,physics,201,78867
2025,吉林省,physics,200,78877
2025,吉林省,physics,199,78885
2025,吉林省,physics,198,78888
2025,吉林省,physics,197,78894
2025,吉林省,physics,196,78896
2025,吉林省,physics,195,78903
2025,吉林省,physics,194,78905
2025,吉林省,physics,193,78911
2025,吉林省,physics,192,78915
2025,吉林省,physics,191,78917
2025,吉林省,physics,190,78921
2025,吉林省,physics,189,78926
2025,吉林省,physics,188,78933
2025,吉林省,physics,187,78937
2025,吉林省,physics,186,78940
2025,吉林省,physics,185,78943
2025,吉林省,physics,184,78947
2025,吉林省,physics,183,78949
2025,吉林省,physics,182,78950
2025,吉林省,physics,181,78952
2025,吉林省,physics,180,78953
2025,吉林省,physics,179,78955
2025,吉林省,physics,178,78958
2025,吉林省,physics,177,78961
2025,吉林省,physics,176,78966
2025,吉林省,physics,175,78972
2025,吉林省,physics,174,78973
2025,吉林省,physics,173,78975
2025,吉林省,physics,172,78977
2025,吉林省,physics,171,78979
2025,吉林省,physics,170,78981
2025,吉林省,physics,169,78985
2025,吉林省,physics,168,78990
2025,吉林省,physics,167,78992
2025,吉林省,physics,166,78995
2025,吉林省,physics,165,78995
2025,吉林省,physics,164,78995
2025,吉林省,physics,163,78997
2025,吉林省,physics,162,79004
2025,吉林省,physics,161,79004
2025,吉林省,physics,160,79004
2025,吉林省,physics,159,79004
2025,吉林省,physics,158,79005
2025,吉林省,physics,157,79007
2025,吉林省,physics,156,79009
2025,吉林省,physics,155,79010
2025,吉林省,physics,154,79014
2025,吉林省,physics,153,79014
2025,吉林省,physics,152,79014
2025,吉林省,physics,151,79017
2025,吉林省,physics,150,79018
2025,吉林省,physics,149,79018
2025,吉林省,physics,148,79018
2025,吉林省,physics,147,79018
2025,吉林省,physics,146,79018
2025,吉林省,physics,145,79020
2025,吉林省,physics,144,79023
2025,吉林省,physics,143,79024
2025,吉林省,physics,142,79025
2025,吉林省,physics,141,79025
2025,吉林省,physics,140,79027
2025,吉林省,physics,139,79029
2025,吉林省,physics,138,79030
2025,吉林省,physics,137,79032
2025,吉林省,physics,136,79033
2025,吉林省,physics,135,79033
2025,吉林省,physics,134,79034
2025,吉林省,physics,133,79034
2025,吉林省,physics,132,79034
2025,吉林省,physics,131,79034
2025,吉林省,physics,130,79034
2025,吉林省,physics,129,79034
2025,吉林省,physics,128,79035
2025,吉林省,physics,127,79036
2025,吉林省,physics,126,79039
2025,吉林省,physics,125,79040
2025,吉林省,physics,124,79040
2025,吉林省,physics,123,79042
2025,吉林省,physics,122,79042
2025,吉林省,physics,121,79042
2025,吉林省,physics,120,79044
2025,吉林省,physics,119,79044
2025,吉林省,physics,118,79047
2025,吉林省,physics,117,79047
2025,吉林省,physics,116,79049
2025,吉林省,physics,115,79050
2025,吉林省,physics,114,79050
2025,吉林省,physics,113,79050
2025,吉林省,physics,112,79050
2025,吉林省,physics,111,79050
2025,吉林省,physics,110,79051
2025,吉林省,physics,109,79052
2025,吉林省,physics,108,79053
2025,吉林省,physics,107,79054
2025,吉林省,physics,106,79054
2025,吉林省,physics,105,79054
2025,吉林省,physics,104,79054
2025,吉林省,physics,103,79054
2025,吉林省,physics,102,79054
2025,吉林省,physics,101,79055
2025,吉林省,physics,100,79057
2025,吉林省,physics,99,79057
2025,吉林省,physics,98,79058
2025,吉林省,physics,97,79062
2025,吉林省,physics,96,79062
2025,吉林省,physics,95,79062
2025,吉林省,physics,94,79063
2025,吉林省,physics,93,79063
2025,吉林省,physics,92,79065
2025,吉林省,physics,91,79065
2025,吉林省,physics,90,79065
2025,吉林省,physics,89,79065
2025,吉林省,physics,88,79065
2025,吉林省,physics,87,79067
2025,吉林省,physics,86,79067
2025,吉林省,physics,85,79067
2025,吉林省,physics,84,79067
2025,吉林省,physics,83,79067
2025,吉林省,physics,82,79067
2025,吉林省,physics,81,79068
2025,吉林省,physics,80,79069
2025,吉林省,physics,79,79069
2025,吉林省,physics,78,79069
2025,吉林省,physics,77,79070
2025,吉林省,physics,76,79070
2025,吉林省,physics,75,79071
2025,吉林省,physics,74,79071
2025,吉林省,physics,73,79072
2025,吉林省,physics,72,79072
2025,吉林省,physics,71,79072
2025,吉林省,physics,70,79072
2025,吉林省,physics,69,79072
2025,吉林省,physics,68,79073
2025,吉林省,physics,67,79073
2025,吉林省,physics,66,79073
2025,吉林省,physics,65,79073
2025,吉林省,physics,64,79074
2025,吉林省,physics,63,79075
2025,吉林省,physics,62,79076
2025,吉林省,physics,61,79077
2025,吉林省,physics,60,79079
2025,吉林省,physics,59,79081
2025,吉林省,physics,58,79081
2025,吉林省,physics,57,79081
2025,吉林省,physics,56,79081
2025,吉林省,physics,55,79082
2025,吉林省,physics,54,79083
2025,吉林省,physics,53,79083
2025,吉林省,physics,52,79084
2025,吉林省,physics,51,79085
2025,吉林省,physics,50,79086
2025,吉林省,physics,49,79087
2025,吉林省,physics,48,79087
2025,吉林省,physics,47,79087
2025,吉林省,physics,46,79087
2025,吉林省,physics,45,79087
2025,吉林省,physics,44,79087
2025,吉林省,physics,43,79087
2025,吉林省,physics,42,79087
2025,吉林省,physics,41,79087
2025,吉林省,physics,40,79089
2025,吉林省,physics,39,79090
2025,吉林省,physics,38,79090
2025,吉林省,physics,37,79090
2025,吉林省,physics,36,79091
2025,吉林省,physics,35,79091
2025,吉林省,physics,34,79091
2025,吉林省,physics,33,79091
2025,吉林省,physics,32,79091
2025,吉林省,physics,31,79091
2025,吉林省,physics,30,79091
2025,吉林省,physics,29,79091
2025,吉林省,physics,28,79091
2025,吉林省,physics,27,79091
2025,吉林省,physics,26,79091
2025,吉林省,physics,25,79092
2025,吉林省,physics,24,79092
2025,吉林省,physics,23,79093
2025,吉林省,physics,22,79094
2025,吉林省,physics,21,79094
2025,吉林省,physics,20,79094
2025,吉林省,physics,19,79094
2025,吉林省,physics,18,79094
2025,吉林省,physics,17,79095
2025,吉林省,physics,16,79095
2025,吉林省,physics,15,79095
2025,吉林省,physics,14,79095
2025,吉林省,physics,13,79095
2025,吉林省,physics,12,79095
2025,吉林省,physics,11,79095
2025,吉林省,physics,10,79095
2025,吉林省,physics,9,79096
2025,吉林省,physics,8,79096
2025,吉林省,physics,7,79097
2025,吉林省,physics,6,79097
2025,吉林省,physics,5,79097
2025,吉林省,physics,4,79097
2025,吉林省,physics,3,79098
2025,吉林省,physics,2,79098
2025,吉林省,physics,1,79098
2025,吉林省,physics,0,80421
